epoch,step,train/loss,train/mae,train/mse,val/loss,val/mae,val/mse
0,49,,1.4082489013671875,3.602231740951538,1.785430908203125,0.9971815347671509,1.785430908203125
0,49,3.602231740951538,,,,,
1,99,,0.9646235108375549,1.6714563369750977,1.642865777015686,0.9513494372367859,1.642865777015686
1,99,1.6714563369750977,,,,,
2,149,,0.9691515564918518,1.766422152519226,1.5533332824707031,0.9171831011772156,1.5533332824707031
2,149,1.766422152519226,,,,,
3,199,,0.9177072644233704,1.563522219657898,1.6206743717193604,0.961866021156311,1.6206743717193604
3,199,1.563522219657898,,,,,
4,249,,0.9320271015167236,1.5722218751907349,1.5511250495910645,0.9261614680290222,1.5511250495910645
4,249,1.5722218751907349,,,,,
5,299,,0.8761402368545532,1.4615098237991333,1.416283369064331,0.8478074073791504,1.4162836074829102
5,299,1.4615098237991333,,,,,
6,349,,0.8802913427352905,1.4464443922042847,1.396003007888794,0.8439464569091797,1.396003007888794
6,349,1.4464443922042847,,,,,
7,399,,0.8448249697685242,1.312097430229187,1.390326738357544,0.8234351277351379,1.390326738357544
7,399,1.312097430229187,,,,,
8,449,,0.8683475255966187,1.5028648376464844,1.3780525922775269,0.8252260088920593,1.3780525922775269
8,449,1.5028648376464844,,,,,
9,499,,0.8706600666046143,1.3777140378952026,1.336478590965271,0.808062732219696,1.336478590965271
9,499,1.3777140378952026,,,,,
